[
    {
        "inventoryId": 1,
        "inventoryName": "Factory Talk Activation Manager",
        "inventoryReputation": "Trusted",
        "inventoryAppType": "Service",
        "inventoryPublisher": "Rockwell",
        "inventoryDevices" : ["Device 1", "Device 2"]
    },
    {
        "inventoryId": 2,
        "inventoryName": "Factory Talk Activation Manager",
        "inventoryReputation": "Good",
        "inventoryAppType": "Startup",
        "inventoryPublisher": "Microsoft",
        "inventoryDevices" : ["Device 1", "Device 2", "Device 3", "Device 4", "Device 5" ]
    },
    {
        "inventoryId": 3,
        "inventoryName": "Rockwell RS view Enterprise",
        "inventoryReputation": "Unknown",
        "inventoryAppType": "Portable",
        "inventoryPublisher": "Adobe",
        "inventoryDevices" : ["Device 1", "Device 2", "Device 3", "Device 4", "Device 5", "Device 6", "Device 7"]
    },
    {
        "inventoryId": 4,
        "inventoryName": "Auto IT",
        "inventoryReputation": "Poor",
        "inventoryAppType": "Directory",
        "inventoryPublisher": "Rockwell",
        "inventoryDevices" : ["Device 1", "Device 2"]
    },
    {
        "inventoryId": 5,
        "inventoryName": "User or Publisher",
        "inventoryReputation": "NA",
        "inventoryAppType": "Installed",
        "inventoryPublisher": "Adobe",
        "inventoryDevices" : ["Device 1", "Device 2", "Device 3"]
    }
]