[  
    {  
       "trendId":"1",
       "conditionDescription":null,
       "conditionId":"491",
       "ecmDescription":null,
       "ecuId":null,
       "rate":null,
       "serialNumber":null,
       "unitId":null
    },
    {  
       "trendId":"110098424996702",
       "conditionDescription":"Started",
       "conditionId":"809.0",
       "ecmDescription":"General",
       "ecuId":"96.0",
       "rate":"49.0",
       "serialNumber":"SSP25465",
       "unitId":"92.0"
    }
 ]