[  
    {  
       "headerId":"1",
       "deviceId":null,
       "endTime":"2018-04-06T07:30:06.000Z",
       "make":"Dell",
       "model":"793F",
       "startTime":"2018-04-06T07:30:06.000Z"
    },
    {  
       "headerId":"DEL10260",
       "deviceId":"SSP82515",
       "endTime":"2017-04-20T06:37:48.234Z",
       "make":"Dell",
       "model":"656F",
       "startTime":"2017-04-20T01:37:48.234Z"
    },
    {  
       "headerId":"DEL10565",
       "deviceId":"SSP69633",
       "endTime":"2014-04-20T13:14:58.771Z",
       "make":"Lenovo",
       "model":"150F",
       "startTime":"2014-04-20T01:14:58.771Z"
    },
    {  
       "headerId":"DEL11783",
       "deviceId":"SSP47527",
       "endTime":"2015-05-04T20:41:32.802Z",
       "make":"Dell",
       "model":"560F",
       "startTime":"2015-05-04T15:41:32.802Z"
    },
    {  
       "headerId":"DEL11915",
       "deviceId":"SSP60112",
       "endTime":"2012-10-12T14:22:54.987Z",
       "make":"Lenovo",
       "model":"778F",
       "startTime":"2012-10-11T14:22:54.987Z"
    },
    {  
       "headerId":"DEL13135",
       "deviceId":"SSP93563",
       "endTime":"2013-08-14T10:32:36.256Z",
       "make":"Apple",
       "model":"502F",
       "startTime":"2013-08-13T10:32:36.256Z"
    },
    {  
       "headerId":"DEL13145",
       "deviceId":"SSP79104",
       "endTime":"2014-11-03T14:53:59.612Z",
       "make":"Acer",
       "model":"941F",
       "startTime":"2014-10-31T14:53:59.612Z"
    },
    {  
       "headerId":"DEL15297",
       "deviceId":"SSP35717",
       "endTime":"2013-02-19T05:15:25.665Z",
       "make":"Acer",
       "model":"883F",
       "startTime":"2013-02-17T17:15:25.665Z"
    },
    {  
       "headerId":"DEL15779",
       "deviceId":"SSP95391",
       "endTime":"2015-12-12T15:09:05.658Z",
       "make":"Toshiba",
       "model":"908F",
       "startTime":"2015-12-11T15:09:05.658Z"
    },
    {  
       "headerId":"DEL15935",
       "deviceId":"SSP37057",
       "endTime":"2014-11-10T04:35:44.259Z",
       "make":"HP",
       "model":"442F",
       "startTime":"2014-11-08T16:35:44.259Z"
    },
    {  
       "headerId":"DEL16292",
       "deviceId":"SSP10567",
       "endTime":"2017-06-23T09:21:21.910Z",
       "make":"Lenovo",
       "model":"571F",
       "startTime":"2017-06-22T09:21:21.910Z"
    },
    {  
       "headerId":"DEL16919",
       "deviceId":"SSP51246",
       "endTime":"2017-07-02T01:11:06.727Z",
       "make":"Apple",
       "model":"228F",
       "startTime":"2017-07-01T01:11:06.727Z"
    },
    {  
       "headerId":"DEL17362",
       "deviceId":"SSP36144",
       "endTime":"2017-04-08T00:44:20.654Z",
       "make":"Microsoft",
       "model":"485F",
       "startTime":"2017-04-07T12:44:20.654Z"
    },
    {  
       "headerId":"DEL19476",
       "deviceId":"SSP58666",
       "endTime":"2014-04-09T06:15:56.906Z",
       "make":"HP",
       "model":"611F",
       "startTime":"2014-04-09T01:15:56.906Z"
    },
    {  
       "headerId":"DEL20094",
       "deviceId":"SSP22038",
       "endTime":"2014-01-12T01:05:25.558Z",
       "make":"HP",
       "model":"435F",
       "startTime":"2014-01-09T01:05:25.558Z"
    },
    {  
       "headerId":"DEL22429",
       "deviceId":"SSP75810",
       "endTime":"2016-04-27T22:23:42.505Z",
       "make":"Acer",
       "model":"736F",
       "startTime":"2016-04-26T22:23:42.505Z"
    },
    {  
       "headerId":"DEL23173",
       "deviceId":"SSP94752",
       "endTime":"2017-12-15T20:33:20.913Z",
       "make":"Apple",
       "model":"806F",
       "startTime":"2017-12-15T15:33:20.913Z"
    },
    {  
       "headerId":"DEL24500",
       "deviceId":"SSP57492",
       "endTime":"2015-03-19T11:42:51.920Z",
       "make":"Microsoft",
       "model":"145F",
       "startTime":"2015-03-19T10:42:51.920Z"
    },
    {  
       "headerId":"DEL24521",
       "deviceId":"SSP87770",
       "endTime":"2012-11-27T12:17:00.337Z",
       "make":"Microsoft",
       "model":"559F",
       "startTime":"2012-11-26T12:17:00.337Z"
    },
    {  
       "headerId":"DEL24890",
       "deviceId":"SSP78220",
       "endTime":"2017-12-09T02:26:07.333Z",
       "make":"Microsoft",
       "model":"541F",
       "startTime":"2017-12-05T02:26:07.333Z"
    },
    {  
       "headerId":"DEL25548",
       "deviceId":"SSP73440",
       "endTime":"2012-11-06T23:04:15.445Z",
       "make":"Lenovo",
       "model":"890F",
       "startTime":"2012-11-06T20:04:15.445Z"
    },
    {  
       "headerId":"DEL25678",
       "deviceId":"SSP16075",
       "endTime":"2012-11-21T03:55:42.214Z",
       "make":"Sony",
       "model":"955F",
       "startTime":"2012-11-18T03:55:42.214Z"
    },
    {  
       "headerId":"DEL25788",
       "deviceId":"SSP80783",
       "endTime":"2017-10-28T08:32:28.556Z",
       "make":"Sony",
       "model":"458F",
       "startTime":"2017-10-28T05:32:28.556Z"
    },
    {  
       "headerId":"DEL26288",
       "deviceId":"SSP72287",
       "endTime":"2018-01-02T21:45:36.431Z",
       "make":"HP",
       "model":"292F",
       "startTime":"2018-01-02T09:45:36.431Z"
    },
    {  
       "headerId":"DEL26971",
       "deviceId":"SSP67659",
       "endTime":"2013-01-24T16:06:39.873Z",
       "make":"Acer",
       "model":"822F",
       "startTime":"2013-01-24T04:06:39.873Z"
    },
    {  
       "headerId":"DEL27768",
       "deviceId":"SSP46130",
       "endTime":"2017-03-11T19:26:41.864Z",
       "make":"HP",
       "model":"719F",
       "startTime":"2017-03-11T14:26:41.864Z"
    },
    {  
       "headerId":"DEL27993",
       "deviceId":"SSP10918",
       "endTime":"2013-09-12T18:32:54.891Z",
       "make":"Apple",
       "model":"233F",
       "startTime":"2013-09-08T18:32:54.891Z"
    },
    {  
       "headerId":"DEL31623",
       "deviceId":"SSP84523",
       "endTime":"2015-12-02T09:49:15.475Z",
       "make":"Microsoft",
       "model":"433F",
       "startTime":"2015-11-28T09:49:15.475Z"
    },
    {  
       "headerId":"DEL32111",
       "deviceId":"SSP12691",
       "endTime":"2016-05-17T21:20:02.461Z",
       "make":"Acer",
       "model":"495F",
       "startTime":"2016-05-16T09:20:02.461Z"
    },
    {  
       "headerId":"DEL33732",
       "deviceId":"SSP14290",
       "endTime":"2015-03-06T23:16:33.316Z",
       "make":"Lenovo",
       "model":"343F",
       "startTime":"2015-03-02T23:16:33.316Z"
    },
    {  
       "headerId":"DEL34620",
       "deviceId":"SSP45822",
       "endTime":"2016-08-09T18:56:13.319Z",
       "make":"Sony",
       "model":"493F",
       "startTime":"2016-08-09T13:56:13.319Z"
    },
    {  
       "headerId":"DEL34725",
       "deviceId":"SSP36173",
       "endTime":"2013-07-15T20:58:46.740Z",
       "make":"Microsoft",
       "model":"625F",
       "startTime":"2013-07-15T15:58:46.740Z"
    },
    {  
       "headerId":"DEL35344",
       "deviceId":"SSP46278",
       "endTime":"2016-02-26T20:18:14.227Z",
       "make":"Dell",
       "model":"771F",
       "startTime":"2016-02-22T20:18:14.227Z"
    },
    {  
       "headerId":"DEL35399",
       "deviceId":"SSP28920",
       "endTime":"2015-04-21T21:18:10.796Z",
       "make":"Lenovo",
       "model":"791F",
       "startTime":"2015-04-17T21:18:10.796Z"
    },
    {  
       "headerId":"DEL36915",
       "deviceId":"SSP47352",
       "endTime":"2016-06-11T22:23:28.373Z",
       "make":"Apple",
       "model":"250F",
       "startTime":"2016-06-11T17:23:28.373Z"
    },
    {  
       "headerId":"DEL40452",
       "deviceId":"SSP57858",
       "endTime":"2012-01-29T21:11:03.564Z",
       "make":"Apple",
       "model":"525F",
       "startTime":"2012-01-29T18:11:03.564Z"
    },
    {  
       "headerId":"DEL41524",
       "deviceId":"SSP11606",
       "endTime":"2013-01-28T13:05:48.773Z",
       "make":"Microsoft",
       "model":"513F",
       "startTime":"2013-01-27T13:05:48.773Z"
    },
    {  
       "headerId":"DEL43314",
       "deviceId":"SSP51723",
       "endTime":"2013-05-11T11:20:54.848Z",
       "make":"Lenovo",
       "model":"282F",
       "startTime":"2013-05-11T08:20:54.848Z"
    },
    {  
       "headerId":"DEL43484",
       "deviceId":"SSP80674",
       "endTime":"2016-09-17T12:26:58.550Z",
       "make":"Dell",
       "model":"434F",
       "startTime":"2016-09-17T09:26:58.550Z"
    },
    {  
       "headerId":"DEL43750",
       "deviceId":"SSP45055",
       "endTime":"2017-11-27T18:14:53.818Z",
       "make":"Dell",
       "model":"469F",
       "startTime":"2017-11-24T18:14:53.818Z"
    },
    {  
       "headerId":"DEL44723",
       "deviceId":"SSP43987",
       "endTime":"2015-11-04T00:28:03.461Z",
       "make":"Microsoft",
       "model":"355F",
       "startTime":"2015-11-03T19:28:03.461Z"
    },
    {  
       "headerId":"DEL44893",
       "deviceId":"SSP40924",
       "endTime":"2017-12-06T18:28:36.594Z",
       "make":"Toshiba",
       "model":"546F",
       "startTime":"2017-12-05T18:28:36.594Z"
    },
    {  
       "headerId":"DEL47846",
       "deviceId":"SSP15424",
       "endTime":"2015-02-22T04:40:54.977Z",
       "make":"Sony",
       "model":"148F",
       "startTime":"2015-02-22T01:40:54.977Z"
    },
    {  
       "headerId":"DEL48782",
       "deviceId":"SSP23134",
       "endTime":"2017-12-21T19:54:38.827Z",
       "make":"Lenovo",
       "model":"656F",
       "startTime":"2017-12-21T16:54:38.827Z"
    },
    {  
       "headerId":"DEL48830",
       "deviceId":"SSP85863",
       "endTime":"2018-05-29T23:45:43.743Z",
       "make":"Dell",
       "model":"784F",
       "startTime":"2018-05-29T22:45:43.743Z"
    },
    {  
       "headerId":"DEL48837",
       "deviceId":"SSP68880",
       "endTime":"2017-10-31T20:29:42.355Z",
       "make":"Lenovo",
       "model":"791F",
       "startTime":"2017-10-28T20:29:42.355Z"
    },
    {  
       "headerId":"DEL51175",
       "deviceId":"SSP42049",
       "endTime":"2017-11-19T05:35:05.711Z",
       "make":"Dell",
       "model":"306F",
       "startTime":"2017-11-18T05:35:05.711Z"
    },
    {  
       "headerId":"DEL51622",
       "deviceId":"SSP31504",
       "endTime":"2016-02-10T16:15:37.058Z",
       "make":"HP",
       "model":"256F",
       "startTime":"2016-02-06T16:15:37.058Z"
    },
    {  
       "headerId":"DEL52389",
       "deviceId":"SSP73195",
       "endTime":"2015-02-19T02:43:16.002Z",
       "make":"Microsoft",
       "model":"672F",
       "startTime":"2015-02-15T02:43:16.002Z"
    },
    {  
       "headerId":"DEL54234",
       "deviceId":"SSP13632",
       "endTime":"2015-11-15T15:46:39.143Z",
       "make":"Dell",
       "model":"329F",
       "startTime":"2015-11-11T15:46:39.143Z"
    },
    {  
       "headerId":"DEL54372",
       "deviceId":"SSP90931",
       "endTime":"2015-02-08T15:06:04.396Z",
       "make":"HP",
       "model":"377F",
       "startTime":"2015-02-05T15:06:04.396Z"
    },
    {  
       "headerId":"DEL55114",
       "deviceId":"SSP60726",
       "endTime":"2012-05-27T15:41:22.392Z",
       "make":"Sony",
       "model":"307F",
       "startTime":"2012-05-27T03:41:22.392Z"
    },
    {  
       "headerId":"DEL55547",
       "deviceId":"SSP59930",
       "endTime":"2014-02-27T14:26:10.805Z",
       "make":"HP",
       "model":"479F",
       "startTime":"2014-02-27T09:26:10.805Z"
    },
    {  
       "headerId":"DEL56270",
       "deviceId":"SSP24804",
       "endTime":"2014-12-11T14:07:55.704Z",
       "make":"Lenovo",
       "model":"790F",
       "startTime":"2014-12-07T14:07:55.704Z"
    },
    {  
       "headerId":"DEL56719",
       "deviceId":"SSP79162",
       "endTime":"2014-05-01T18:50:30.768Z",
       "make":"HP",
       "model":"524F",
       "startTime":"2014-04-30T18:50:30.768Z"
    },
    {  
       "headerId":"DEL57930",
       "deviceId":"SSP49737",
       "endTime":"2016-03-27T22:24:43.713Z",
       "make":"Toshiba",
       "model":"258F",
       "startTime":"2016-03-27T21:24:43.713Z"
    },
    {  
       "headerId":"DEL58245",
       "deviceId":"SSP11389",
       "endTime":"2015-03-22T18:05:20.466Z",
       "make":"Acer",
       "model":"572F",
       "startTime":"2015-03-21T06:05:20.466Z"
    },
    {  
       "headerId":"DEL59512",
       "deviceId":"SSP61390",
       "endTime":"2013-10-21T11:54:40.049Z",
       "make":"Sony",
       "model":"765F",
       "startTime":"2013-10-21T10:54:40.049Z"
    },
    {  
       "headerId":"DEL59837",
       "deviceId":"SSP82319",
       "endTime":"2012-12-16T06:04:02.725Z",
       "make":"Apple",
       "model":"473F",
       "startTime":"2012-12-16T05:04:02.725Z"
    },
    {  
       "headerId":"DEL60578",
       "deviceId":"SSP97278",
       "endTime":"2017-10-29T04:28:15.086Z",
       "make":"Dell",
       "model":"611F",
       "startTime":"2017-10-26T04:28:15.086Z"
    },
    {  
       "headerId":"DEL61345",
       "deviceId":"SSP45414",
       "endTime":"2018-04-05T10:19:11.415Z",
       "make":"Dell",
       "model":"613F",
       "startTime":"2018-04-05T07:19:11.415Z"
    },
    {  
       "headerId":"DEL62226",
       "deviceId":"SSP79753",
       "endTime":"2017-01-01T14:33:46.540Z",
       "make":"Acer",
       "model":"464F",
       "startTime":"2017-01-01T02:33:46.540Z"
    },
    {  
       "headerId":"DEL63523",
       "deviceId":"SSP83266",
       "endTime":"2015-09-26T10:44:22.534Z",
       "make":"Toshiba",
       "model":"181F",
       "startTime":"2015-09-25T22:44:22.534Z"
    },
    {  
       "headerId":"DEL64872",
       "deviceId":"SSP62010",
       "endTime":"2017-02-20T16:34:14.011Z",
       "make":"Acer",
       "model":"756F",
       "startTime":"2017-02-20T11:34:14.011Z"
    },
    {  
       "headerId":"DEL66564",
       "deviceId":"SSP83834",
       "endTime":"2018-01-27T22:06:28.924Z",
       "make":"Toshiba",
       "model":"579F",
       "startTime":"2018-01-26T22:06:28.924Z"
    },
    {  
       "headerId":"DEL68951",
       "deviceId":"SSP40716",
       "endTime":"2013-03-25T05:11:36.691Z",
       "make":"Acer",
       "model":"929F",
       "startTime":"2013-03-21T05:11:36.691Z"
    },
    {  
       "headerId":"DEL69298",
       "deviceId":"SSP16175",
       "endTime":"2018-02-05T15:30:52.893Z",
       "make":"Toshiba",
       "model":"658F",
       "startTime":"2018-02-02T15:30:52.893Z"
    },
    {  
       "headerId":"DEL69451",
       "deviceId":"SSP45120",
       "endTime":"2015-03-16T20:54:32.952Z",
       "make":"HP",
       "model":"664F",
       "startTime":"2015-03-12T20:54:32.952Z"
    },
    {  
       "headerId":"DEL69658",
       "deviceId":"SSP63762",
       "endTime":"2012-11-04T22:27:17.365Z",
       "make":"Sony",
       "model":"103F",
       "startTime":"2012-11-03T10:27:17.365Z"
    },
    {  
       "headerId":"DEL70896",
       "deviceId":"SSP90761",
       "endTime":"2012-08-10T02:14:58.964Z",
       "make":"Toshiba",
       "model":"748F",
       "startTime":"2012-08-07T02:14:58.964Z"
    },
    {  
       "headerId":"DEL72027",
       "deviceId":"SSP83426",
       "endTime":"2015-11-24T17:01:42.948Z",
       "make":"Apple",
       "model":"373F",
       "startTime":"2015-11-21T17:01:42.948Z"
    },
    {  
       "headerId":"DEL72416",
       "deviceId":"SSP73363",
       "endTime":"2015-11-13T16:29:17.188Z",
       "make":"Dell",
       "model":"256F",
       "startTime":"2015-11-13T15:29:17.188Z"
    },
    {  
       "headerId":"DEL73038",
       "deviceId":"SSP92435",
       "endTime":"2014-06-24T06:10:10.278Z",
       "make":"Acer",
       "model":"716F",
       "startTime":"2014-06-24T03:10:10.278Z"
    },
    {  
       "headerId":"DEL73841",
       "deviceId":"SSP20649",
       "endTime":"2012-12-13T07:03:53.253Z",
       "make":"Acer",
       "model":"998F",
       "startTime":"2012-12-11T19:03:53.253Z"
    },
    {  
       "headerId":"DEL74614",
       "deviceId":"SSP29805",
       "endTime":"2014-01-09T20:23:35.012Z",
       "make":"Lenovo",
       "model":"379F",
       "startTime":"2014-01-09T19:23:35.012Z"
    },
    {  
       "headerId":"DEL75571",
       "deviceId":"SSP70247",
       "endTime":"2012-07-30T05:32:47.635Z",
       "make":"Lenovo",
       "model":"667F",
       "startTime":"2012-07-30T02:32:47.635Z"
    },
    {  
       "headerId":"DEL76336",
       "deviceId":"SSP57236",
       "endTime":"2015-01-24T00:45:12.755Z",
       "make":"Acer",
       "model":"968F",
       "startTime":"2015-01-23T21:45:12.755Z"
    },
    {  
       "headerId":"DEL78092",
       "deviceId":"SSP87078",
       "endTime":"2015-10-23T03:36:50.964Z",
       "make":"Lenovo",
       "model":"986F",
       "startTime":"2015-10-19T03:36:50.964Z"
    },
    {  
       "headerId":"DEL80602",
       "deviceId":"SSP98734",
       "endTime":"2015-12-11T15:00:05.651Z",
       "make":"Toshiba",
       "model":"970F",
       "startTime":"2015-12-11T03:00:05.651Z"
    },
    {  
       "headerId":"DEL83275",
       "deviceId":"SSP48304",
       "endTime":"2016-10-27T23:59:48.398Z",
       "make":"Toshiba",
       "model":"505F",
       "startTime":"2016-10-26T11:59:48.398Z"
    },
    {  
       "headerId":"DEL84111",
       "deviceId":"SSP33930",
       "endTime":"2017-03-09T15:19:22.088Z",
       "make":"Sony",
       "model":"630F",
       "startTime":"2017-03-09T10:19:22.088Z"
    },
    {  
       "headerId":"DEL85029",
       "deviceId":"SSP25465",
       "endTime":"2015-06-28T10:44:12.246Z",
       "make":"Acer",
       "model":"944F",
       "startTime":"2015-06-27T22:44:12.246Z"
    },
    {  
       "headerId":"DEL85894",
       "deviceId":"SSP37895",
       "endTime":"2015-12-01T02:24:44.419Z",
       "make":"Dell",
       "model":"894F",
       "startTime":"2015-11-29T14:24:44.419Z"
    },
    {  
       "headerId":"DEL86294",
       "deviceId":"SSP68601",
       "endTime":"2014-06-26T20:14:08.310Z",
       "make":"Microsoft",
       "model":"746F",
       "startTime":"2014-06-26T08:14:08.310Z"
    },
    {  
       "headerId":"DEL87261",
       "deviceId":"SSP97796",
       "endTime":"2014-11-23T15:44:40.067Z",
       "make":"Dell",
       "model":"834F",
       "startTime":"2014-11-19T15:44:40.067Z"
    },
    {  
       "headerId":"DEL87723",
       "deviceId":"SSP24318",
       "endTime":"2015-12-20T14:34:49.050Z",
       "make":"Sony",
       "model":"517F",
       "startTime":"2015-12-20T02:34:49.050Z"
    },
    {  
       "headerId":"DEL87822",
       "deviceId":"SSP61298",
       "endTime":"2016-03-24T02:55:48.485Z",
       "make":"Dell",
       "model":"771F",
       "startTime":"2016-03-23T14:55:48.485Z"
    },
    {  
       "headerId":"DEL88778",
       "deviceId":"SSP79807",
       "endTime":"2015-10-08T07:03:26.963Z",
       "make":"Toshiba",
       "model":"573F",
       "startTime":"2015-10-08T04:03:26.963Z"
    },
    {  
       "headerId":"DEL89717",
       "deviceId":"SSP64121",
       "endTime":"2014-03-27T03:57:06.184Z",
       "make":"Microsoft",
       "model":"273F",
       "startTime":"2014-03-26T03:57:06.184Z"
    },
    {  
       "headerId":"DEL90271",
       "deviceId":"SSP34322",
       "endTime":"2014-03-01T19:31:50.670Z",
       "make":"Toshiba",
       "model":"971F",
       "startTime":"2014-02-28T07:31:50.670Z"
    },
    {  
       "headerId":"DEL90329",
       "deviceId":"SSP18319",
       "endTime":"2014-09-22T13:59:08.186Z",
       "make":"Toshiba",
       "model":"286F",
       "startTime":"2014-09-21T13:59:08.186Z"
    },
    {  
       "headerId":"DEL90422",
       "deviceId":"SSP94265",
       "endTime":"2018-02-01T04:51:52.687Z",
       "make":"Microsoft",
       "model":"450F",
       "startTime":"2018-01-29T04:51:52.687Z"
    },
    {  
       "headerId":"DEL91497",
       "deviceId":"SSP63563",
       "endTime":"2013-10-28T00:13:14.913Z",
       "make":"Microsoft",
       "model":"798F",
       "startTime":"2013-10-26T12:13:14.913Z"
    },
    {  
       "headerId":"DEL91917",
       "deviceId":"SSP74465",
       "endTime":"2014-05-18T07:42:15.994Z",
       "make":"HP",
       "model":"350F",
       "startTime":"2014-05-17T19:42:15.994Z"
    },
    {  
       "headerId":"DEL93999",
       "deviceId":"SSP87121",
       "endTime":"2015-11-10T11:52:02.615Z",
       "make":"Toshiba",
       "model":"136F",
       "startTime":"2015-11-10T06:52:02.615Z"
    },
    {  
       "headerId":"DEL94006",
       "deviceId":"SSP70871",
       "endTime":"2017-04-08T10:41:57.145Z",
       "make":"Toshiba",
       "model":"469F",
       "startTime":"2017-04-05T10:41:57.145Z"
    },
    {  
       "headerId":"DEL94111",
       "deviceId":"SSP13181",
       "endTime":"2017-08-06T21:07:22.802Z",
       "make":"HP",
       "model":"501F",
       "startTime":"2017-08-03T21:07:22.802Z"
    },
    {  
       "headerId":"DEL97344",
       "deviceId":"SSP73039",
       "endTime":"2018-05-12T22:21:01.351Z",
       "make":"Acer",
       "model":"713F",
       "startTime":"2018-05-12T10:21:01.351Z"
    },
    {  
       "headerId":"DEL98503",
       "deviceId":"SSP10502",
       "endTime":"2016-05-08T03:14:42.894Z",
       "make":"Microsoft",
       "model":"930F",
       "startTime":"2016-05-07T03:14:42.894Z"
    },
    {  
       "headerId":"DEL98820",
       "deviceId":"SSP85341",
       "endTime":"2012-10-09T17:30:56.319Z",
       "make":"Microsoft",
       "model":"433F",
       "startTime":"2012-10-09T14:30:56.319Z"
    },
    {  
       "headerId":"DEL98849",
       "deviceId":"SSP64927",
       "endTime":"2015-11-07T04:26:09.360Z",
       "make":"Apple",
       "model":"691F",
       "startTime":"2015-11-04T04:26:09.360Z"
    },
    {  
       "headerId":"DELL000001",
       "deviceId":"SSP99902",
       "endTime":"2018-04-10T06:59:02.000Z",
       "make":"Dell",
       "model":"793F",
       "startTime":"2018-04-06T07:30:06.000Z"
    },
    {  
       "headerId":"SSP99902180410070418_DQ2.TR3",
       "deviceId":null,
       "endTime":"2018-04-06T07:30:06.000Z",
       "make":"Dell",
       "model":"793F",
       "startTime":"2018-04-06T07:30:06.000Z"
    }
 ]